character,count
Shanks,155
Sanji,153
Roger,81
Kidd,81
Garp,80
Law,80
Robin,75
Luffy,74
Nami,69
Usopp,60
Wano,54
Nah,50
Saul,45
Nika,41
Kaido,40
Buggy,36
Oden,30
Idk,25
Kuma,24
Toei,23
Fujitora,22
Gorosei,21
King,20
Marco,19
Egghead,17
Arlong,17
Franky,17
Vegapunk,16
Ussop,14
Loki,14
Bonney,12
Kinemon,12
Koby,11
Monet,11
Madara,11
Moria,11
Ace,11
Greenbull,11
Oda,11
Bleach,11
Van Augur,11
Doflamingo,10
Enies Lobby,10
Joyboy,10
Midhawk,10
Jika,10
Impel Down,10
Jinbe,10
Hancock,10
Lilith,10
Elbaf,9
OP,9
Chopper,9
Vega,9
Punk Hazard,9
Jack,9
Pell,9
Garling,8
Beckman,8
Svaðilfari,8
Ryuma,8
Tom,7
Killer,7
Skypiea,7
Goda,7
Merry,7
Kanjuro,7
madara,7
Shonen,7
Kizaru,7
Loda,7
Hakiman,7
Cope,7
Wranky,6
GB,6
Baratie,6
Don,6
🤔,6
Bum,6
Kyros,6
Ginny,6
Sakura,6
Lanji,6
Zou,6
Meruem,5
Whitebeard,5
pacifista,5
Sasuke,5
Zoan,5
buff,5
Moon,5
Kaidou,5
Kuro,5
Onigashima,5
Dragon,4
Don Krieg,4
Zoros,4
Jerry,4
Ivankov,4
Dude,4
Demon Slayer,4
Pizarro,4
Bogard,4
Barto,4
Naruto,4
Ennies Lobby,4
robin,4
roger,4
Mihawk,4
Orochi,4
Zunisha,4
Lily,4
Zeus,4
Yuji,4
fujitora,4
Odens,4
Wtf,4
usopp,4
Yasopp,4
Drake,4
nah,4
Augur,4
Dressrosa,4
Joy Boy,4
Buggy’s,3
Hunter,3
Literally,3
Quagmire,3
Gucci,3
Roshi,3
Dragonball,3
Vegeta,3
pell,3
Tashigi,3
Hitler,3
Char,3
Wuggy,3
Atlas,3
Ivan,3
Seraphim,3
Mario,3
kinda,3
KO Luffy,3
Shiki,3
Hiyori,3
Netero,3
🇷,3
Armament Haki,3
Saturn,3
Blackbeard,3
Grandpa,3
Mary Geoise,3
Gandhi,3
Carrot,3
neg,3
Sukuna,3
Shaka,3
Whole Cake,3
Revs,3
Peter,3
Tama,3
Dragon Ball,3
Pedro,3
Fishman,3
Viz,3
Obito,3
Raizo,3
Loguetown,3
Shirahoshi,3
Buddha,3
Sanji’s,3
kanjuro,3
Corazon,3
Doriki,3
Sabo,3
Cook,3
Queen,3
Kawamatsu,3
Rogers,3
Jimbe,3
Cabaji,2
3,2
Onepiece,2
Blud,2
db,2
Wb,2
Groggy Ring,2
Zypher,2
Sailor Moon,2
Iceberg,2
Brooks,2
Kumas,2
Bird Cage,2
string string,2
Koido,2
Winemon,2
Gintoki,2
Funny Valentine,2
Arlongs,2
Yhwach,2
Omatsuri,2
Skypeia,2
Dad,2
Ben Beckman,2
Danjiro,2
Doc,2
Papazuki,2
Rob Lucci,2
Massive W,2
Koala,2
Lol,2
kamala,2
Tosen,2
don krieg,2
Crocs,2
Toriyama,2
Gerd,2
Morgan,2
Cancerbeard,2
Kenshin,2
kaido,2
Zeff,2
Raid,2
max,2
Vergo,2
Kira,2
Tobirama,2
Alabasta,2
Crew,2
Goldenweek,2
Fairy Tail,2
Zolo,2
Gin,2
Danzo,2
Don Krieg's,2
Bellemere,2
Mangas,2
Nigga,2
Imu,2
Kai,2
MF,2
Kakashi,2
Vista,2
Dresseosa,2
Goathawk,2
Vagabond,2
Yamato,2
Ben,2
Noah,2
Bege,2
Whole America,2
Hody Jones,2
Blast Breath,2
Rayleigh,2
Lola,2
Toko,2
Boss,2
Bellamy,2
Hybrid Kaido,2
Hera,2
Kuzan,2
Helmeppo,2
Bon Clay,2
Rebecca,2
Zorro,2
Kika,2
Bowser,2
jesus,2
Gohan,2
Warlord,2
Glad,2
Pink,2
Jjk,2
Thriller Bark,2
Sleipnir,2
god,2
Yonkos,2
Breaking Bad,2
Hawkins,2
Brook,2
Gyro,2
Elders,2
Kurama,2
Absalom,2
Ginjo,2
Yeh,2
kneel,2
Wike Wyson,2
supernovas,2
Kaya,2
York,2
Gunko,2
4,2
Jesus,2
Spam,2
Ray,2
Fisher Tiger,2
Camie,2
Scammer,2
Azathoth,2
Felt,2
😹,2
mfs,2
LOCKED,2
Roger’s,2
zeus,2
Wano Luffy,2
Crydo,2
Caribou fed Luffy,2
Midd,2
Joe,2
Logias,2
Lika,1
Wacky,1
Jet Gatling,1
Common Wakainu,1
Ichi Ro,1
moon,1
Boa Hancock,1
Werewolf,1
Punk Hazard Sanji,1
n166a,1
Luffy Roger,1
MiBum,1
jagi,1
https://preview.redd.it/8gurv7npvprc1.png?width=720&amp;format=pjpg&amp;auto=webp&amp;s=5d4af57de81b2cdcabb83bf98f4b0343ec70bd09,1
Supernovas,1
Film Z.,1
mm,1
Roger Death,1
Yamato Sengoku,1
Awakening Nika,1
Chinjao,1
Invankov,1
Neo-Marine,1
Bastard,1
😤😤😤,1
Peach,1
Kinnikuman,1
Sasuke vs Naurto,1
Demon,1
Jiraiya,1
Dragon ball- kinsa,1
Poneglyphs,1
roger ace,1
roger son,1
Without Luffy,1
Perona,1
Gorbachev,1
yang,1
Bachelorette,1
Figarlands,1
exoskeleton,1
"Ju Peter, a.k.a",1
Hassan,1
Gorosei Lincoln/Grant,1
Fortnite,1
Rare Toei W  Same,1
Loronoa,1
Manga Exclusive,1
chuck,1
Ryomas,1
Yipee,1
IMMA GO OUT,1
Linlin,1
Murder Drones,1
https://preview.redd.it/6amhvd1nmeqd1.jpeg?width=1635&amp;format=pjpg&amp;auto=webp&amp;s=eef96a0c75ad2657a02af7ba11491b0ebc2a755a,1
Arlong Nami,1
roger being,1
Ramadan Mubarak,1
Very Interesting,1
Anything Luffy,1
hiyori  Sanji,1
Tall,1
Gurnica,1
Loved,1
Astro Boy,1
https://preview.redd.it/8etgtnmtwbqc1.png?width=1000&amp;format=png&amp;auto=webp&amp;s=921ddef0daae01a17ce12a0d20b34595a7b57e5f,1
Woro,1
Drive,1
Wether,1
Topman,1
https://preview.redd.it/lc23esturxoc1.jpeg?width=828&amp;format=pjpg&amp;auto=webp&amp;s=44816112e830f3c53d089b740cdf9d9cbc74b147,1
dressorssa oda,1
Venus,1
https://preview.redd.it/s3brwjkgo0pd1.png?width=1080&amp;format=pjpg&amp;auto=webp&amp;s=69aa636af446a96547e4c462b2869417642f17ea,1
Bozo,1
Franky’s,1
Taniguchi,1
Lcopper Laban,1
Doraemon,1
Youtubers,1
Evil,1
https://preview.redd.it/1chffwp0teqd1.png?width=1228&amp;format=pjpg&amp;auto=webp&amp;s=9f56e42d4f7b9d3237ad701c5c8fa3a335c0422a  ,1
Ju Peter,1
Jack Horner,1
Pedo Sanji,1
Y'know,1
DragonBall,1
https://preview.redd.it/whwrhkguq8md1.png?width=720&amp;format=png&amp;auto=webp&amp;s=43b63adb18156d176e4837f45eb60b95c56536ab,1
Usopp square,1
Karma,1
Rice Cracker Comittee,1
Bazooka,1
jack shit,1
Dalton,1
uliqora vs ichigo,1
Renji,1
abd wifi,1
Monkey d,1
Abd,1
roger abd wb,1
abd oda,1
Lightsaber,1
🤔🤔🤔,1
oda mafe,1
Roger agenda,1
Smoothie,1
Natoshi Shida,1
Gohan vs Cell,1
Humbled Magellan,1
Anyways Shanks,1
Lusopp,1
Top Dawg,1
Bum Himself,1
https://preview.redd.it/400rgkswf3tc1.png?width=640&amp;format=png&amp;auto=webp&amp;s=bd4b8555a3a9362914c5f9370a8b7448f13a9b01  ,1
Tony Valente,1
Joyboys,1
stupid villan,1
Marco  https://preview.redd.it/lulyvh2fjhuc1.jpeg?width=837&amp;format=pjpg&amp;auto=webp&amp;s=953d4e510bd625b8fbe64b81a5e3177a4f16f249,1
SWORD Boss,1
theirs gender,1
Mugiwaras,1
Hmm  Redon,1
https://preview.redd.it/x9adgn5uihuc1.jpeg?width=1300&amp;format=pjpg&amp;auto=webp&amp;s=0d1cc168b737713e5af67335bad5ea10d8a147cd,1
https://preview.redd.it/cw2mkltkhhuc1.jpeg?width=991&amp;format=pjpg&amp;auto=webp&amp;s=72cb8032530db85622cd259d1a4710fc99508d48,1
Vinsmoker,1
Zunesha 🤤,1
Monarch,1
Zoomu zoomu zoomu,1
Tbf Robin,1
St Saturn,1
Nasty,1
St Venus,1
Letflix,1
Chris Sabbat,1
https://preview.redd.it/6wxeoh82npne1.jpeg?width=1170&amp;format=pjpg&amp;auto=webp&amp;s=688222142209d9e01b12d5e26fc25e9e9710f86c,1
Cyrano,1
Redditor,1
Nah Mihawk,1
SWORDSMAN,1
Yorks,1
Chainsaw Man,1
pervert shit,1
Kabuto,1
Bumssopp,1
the Neo Marines,1
Laugh,1
Wonder,1
murder tons,1
Flaw,1
Bounty,1
Hunt,1
Will,1
Woooow,1
Surprised Nami,1
Wapols,1
Ussop Yassop's,1
Edo Tensei,1
Hashirama,1
Ronaldo,1
Eric,1
https://preview.redd.it/0tqg9yn0uprc1.jpeg?width=600&amp;format=pjpg&amp;auto=webp&amp;s=a12ec16caea60af54b1a50fb8880c328a2cb6c43,1
Classic Wranky W,1
Blip,1
sakura,1
Vinrylgrave btw,1
Doc Q,1
Whiskey Peak,1
Tatsuki Fujimoto,1
Def Leopard,1
Law Blackbeard,1
Toji Fushigiro,1
Dbz,1
Yuta,1
Yonkou Kizaru,1
Sonic,1
Flash,1
Roronoa “Asthma Attack,1
Jozu Diamond,1
Dressrossa  Doffy,1
Koby Kills Aokiji,1
closest,1
moron,1
Charlotte Cracker,1
Boa Hanjob,1
Cinderella,1
Job Luser,1
Fr,1
Buggy v. Kizaru,1
Wit,1
trvth nvke,1
Odas,1
Pythagoras,1
thoppu thoppu thappu,1
https://preview.redd.it/jjotli2qpsrd1.jpeg?width=703&amp;format=pjpg&amp;auto=webp&amp;s=301c38c90112ab026c6a75241d1f4a71d1798a71,1
timey muskets,1
Sanderson,1
https://preview.redd.it/kr4vj5x6827e1.jpeg?width=582&amp;format=pjpg&amp;auto=webp&amp;s=08e02d0fa2adf883b19f467718c875bd84e22f1b  Example 1,1
Elbaph,1
https://preview.redd.it/p3xkwfpx027e1.jpeg?width=1080&amp;format=pjpg&amp;auto=webp&amp;s=cf6e771e4971874aae73aedcdd0e561420c64918  Never,1
Nojiko,1
Kureha,1
Pesca,1
https://preview.redd.it/px8spy2yr17e1.jpeg?width=828&amp;format=pjpg&amp;auto=webp&amp;s=bf41a455208fb49fbdc4117806184c74fb3c92e0,1
https://preview.redd.it/octgia1tp17e1.jpeg?width=1179&amp;format=pjpg&amp;auto=webp&amp;s=43b1ad2756663d7a2ebe54a606f3de651f3f56f6,1
Mfw,1
kumas,1
https://www.reddit.com/r/OnePiece/s/QymzvW7Taj  ,1
El Hermano,1
yu yu hakusho,1
Clam,1
Zoinks Straw,1
Chance,1
Op,1
Lopper,1
nitpick DEEZ NUTS,1
George R.R. Martin,1
God,1
Arlong Park,1
Bantingy,1
Fuck Loei,1
Sauls,1
Sen Hatsumi,1
Woody Woodman,1
Romeo,1
JoJo,1
Buggy’s Dad,1
Gura Gura,1
Beckam,1
ben,1
Ben Becktwink,1
Galdino,1
Sickbeard,1
Widd,1
Maggellan,1
Imagine Luke,1
Saiyan,1
Bidet,1
Darth Vader,1
Charles Darwin,1
Tony,1
Solomon,1
kakashi,1
Genocide,1
Gladio,1
Marinford,1
Road,1
Sopp,1
Nah Luffy,1
Mickey D’s,1
Realistically,1
Kalifa,1
Smile Trader,1
D. Roger,1
Dressdrosa,1
DG Og,1
Mcdonald Supports Genocide,1
Lizel,1
Pagaya,1
mush,1
Wothpit Nami,1
Millennium,1
Mineta,1
mayb 2,1
Nami vs Kalifa,1
Dude Kaido,1
Bullshit,1
Dawn,1
Paul,1
mannerisms,1
Batgod,1
Tobbiroppo,1
SMILE,1
kaido kinda,1
Shamrock,1
Ngl Helmeppo,1
Ya,1
Pain,1
Akatsuki,1
https://preview.redd.it/5q89jt7uqdfe1.jpeg?width=500&amp;format=pjpg&amp;auto=webp&amp;s=0d41aaf6c4269595f9dd59bef9855672142ef70a,1
’s Shanks,1
Jiriya,1
Aeneid,1
Boy,1
New Shanks,1
Pirate King,1
Korok Seed,1
GoatBeard Agenda  https://preview.redd.it/nznd20hbrrge1.jpeg?width=720&amp;format=pjpg&amp;auto=webp&amp;s=dcbe2f808473137a8d3dec7e4a594611bff4c8cd,1
Pele,1
Forgot Rayleigh,1
Marine Fodder,1
Lee,1
Harvey Weinstein,1
neg Arlong,1
Wanda,1
dan dan dan,1
Kisame,1
https://preview.redd.it/5yurnfy40u9e1.jpeg?width=750&amp;format=pjpg&amp;auto=webp&amp;s=8201279f7dee839bd6b0a83486e9b8a782d8f736,1
Haahaaa  Lol,1
Yoooooooooo,1
Monkey D. Pao,1
Roblox,1
Adderall,1
neato,1
Buster Call’s,1
ya,1
Eraserhead,1
Luffy V Shonks,1
Kurogiri,1
Arlong WILLINGLY,1
Reiju,1
https://preview.redd.it/fvmd37rdylce1.jpeg?width=750&amp;format=pjpg&amp;auto=webp&amp;s=d4b43ff4d7695cf77144a96f2d0d0454a1077413  Keep,1
Haku,1
Kozuki Oden,1
Buggy the Clown,1
Quick Martin,1
Ned Stark,1
GOATA,1
Loss,1
🤣,1
akoji,1
kidd,1
darth vader,1
Hody,1
Darwin,1
Lore,1
MC Nami,1
Pirating,1
Mangabull,1
Peak,1
Lo D. A,1
Luffy Gear 5,1
Akainu,1
Megumi Ishitani,1
Waldino,1
Roger v WB,1
Additionaly,1
Gangleri,1
Freyja,1
Æsir,1
Miss,1
Yokai,1
Turns,1
Sam,1
Long Ling Long Land,1
https://preview.redd.it/cytlbpq9hyvd1.jpeg?width=3024&amp;format=pjpg&amp;auto=webp&amp;s=c8e311537c6f5504f2aacfe1af40797e14ab0335  Stfu,1
enis lobby,1
Kind,1
Run Piece,1
DETACH,1
Navigation,1
Mizu Mizu No Mi  Water Logia,1
Garth Ennis'',1
a zeus nuke,1
Ulti,1
kick Loro,1
Haki Aura,1
Luffy vs Lucci,1
Bad,1
https://preview.redd.it/irs2oixmjsrd1.png?width=633&amp;format=pjpg&amp;auto=webp&amp;s=6ba20ff4bf3257892fc2c46bfd14d9cc4faf7a67,1
Sanji Pudding,1
oda fangirls,1
Roger Pirates,1
Zoro Hiyori,1
Sungod,1
Hol Horse,1
Arrancar,1
Vegabum,1
Tsurgi,1
Seth McFarlane,1
Thor,1
Willer,1
Marine Ford,1
Sousen,1
Megumi,1
Tall Woman,1
Goonami,1
https://preview.redd.it/7tcr7l9xnkud1.jpeg?width=1280&amp;format=pjpg&amp;auto=webp&amp;s=0d716c9ac108c0437a2e18dc77de61c72c2ea2f8,1
WIT,1
Fuckk,1
https://preview.redd.it/ndwcmvhlikud1.jpeg?width=540&amp;format=pjpg&amp;auto=webp&amp;s=2174a3611f5ea147430d18bfd8cf49b039fceb37,1
Demaro,1
Common Ulti W,1
Noelle,1
Attack Family,1
❌  Being,1
Chris Sabat,1
Ross,1
Schrift  Sternritter M - Za,1
Logan Paul,1
Aramaki,1
nah Kirosh,1
Film Red Shanks,1
Bone Clay,1
Revert,1
Redo,1
marie jois  ,1
marie jois,1
Punk Green,1
Noland,1
Stan Zoro,1
Lunchly,1
Lunchables,1
luffys attack,1
VC,1
Betray,1
Subject,1
Rika,1
Rip,1
Ewww,1
Pdo,1
Krieg,1
https://preview.redd.it/gg31157g8w2e1.jpeg?width=205&amp;format=pjpg&amp;auto=webp&amp;s=0ef3c46aeee9fa3699c2a8a97b516c54241748d7,1
krieg,1
Bat Gos,1
Will Luffy,1
Lol Wista,1
Susukuna,1
Shyrui,1
Aerosmith,1
Jinbei,1
Acno,1
Brulee,1
nah ngl,1
roger wb,1
Tifa,1
Yuki,1
https://preview.redd.it/xvd1xkociqyd1.png?width=392&amp;format=png&amp;auto=webp&amp;s=2cf1d47872d28285268437360fe8393a3af7c8d5,1
Franky Brook Nami,1
Cipher Pol,1
Buster Calls,1
Crowns,1
Spandam,1
nah yamato,1
Igneel,1
aka doflamingo,1
Risotto Nero,1
Swordsman,1
https://preview.redd.it/vmfvzlov8qyd1.png?width=640&amp;format=png&amp;auto=webp&amp;s=5b869c794a6b21e97cabbcb1dd52444b42f0bcb7,1
Bon Clay  Worst,1
Ceaser Clown,1
Shameless,1
zoros training,1
Monkey D. Kong,1
Admin,1
Twinbrother el hermana,1
Jaya,1
nami,1
https://preview.redd.it/qsu9d25vd40e1.jpeg?width=1080&amp;format=pjpg&amp;auto=webp&amp;s=77845f2f5574e48703c73ff762270e9171869189,1
https://preview.redd.it/qxs0g28oy5mc1.jpeg?width=1284&amp;format=pjpg&amp;auto=webp&amp;s=0f92115fa56d164480c8d37e351d8c022ff571e4,1
a Sue Storm,1
Bika,1
https://media.discordapp.net/attachments/454064103246266369/1211115227714822164/smh-mihawk-fans-gotta-chill-v0-yn31nu1iyxoa1.webp?ex=65f64073&amp;is=65e3cb73&amp;hm=93f88c1f9ff66afefedd23e16c6657f0d3c4b98d06e091b896362e301c1c5557&amp;=&amp;format=webp&amp;width=800&amp;height=510,1
https://preview.redd.it/lxkylgywun2b1.png?width=1080&amp;format=pjpg&amp;auto=webp&amp;s=e7449299535901dd40562aa6fa3ba558883893d1,1
Oda Big Mom,1
Red Haired,1
Filler,1
Prowler,1
Senor Pink,1
Zoroturd,1
cope,1
nigga,1
evem birmingham,1
https://preview.redd.it/wmxgnlp0ml9b1.jpeg?width=256&amp;format=pjpg&amp;auto=webp&amp;s=1f25a45c9204c66f57269822f08c1420c5987b7e,1
Bika Mika,1
Eutass Kid,1
Fanbase,1
Wiwhaww,1
G4 Luffy,1
https://preview.redd.it/x7vu1hkpizab1.jpeg?width=720&amp;format=pjpg&amp;auto=webp&amp;s=3f20fdde5260d6b837ba17d10f74c03943549b9f,1
https://preview.redd.it/93mvdpsxgzab1.jpeg?width=261&amp;format=pjpg&amp;auto=webp&amp;s=6c0ff4926291e2545dea10d7fb3d0cddde3cf93e,1
https://preview.redd.it/wxkffdhqgzab1.png?width=828&amp;format=png&amp;auto=webp&amp;s=f8f6e8780a5a95c2177ac352a6f987a9f239bfff,1
Fought Kaido,1
https://preview.redd.it/6erkbv4sazab1.jpeg?width=500&amp;format=pjpg&amp;auto=webp&amp;s=172cfba9b3058031d08fcebacc7d8b0ad03878de,1
https://preview.redd.it/33eunyp6azab1.jpeg?width=720&amp;format=pjpg&amp;auto=webp&amp;s=5989613a3d36aec958dbc8358c92b97e59f71048,1
Fuck Bogard,1
Pizzaro,1
Luffy CoC,1
https://preview.redd.it/1gfrxi2ihdcb1.jpeg?width=560&amp;format=pjpg&amp;auto=webp&amp;s=4e25559307548a9776dff77acacab7b6fd7e7efa,1
Zeph,1
Dragon Ball Z,1
Never Cook,1
WOGARD,1
Helmeppos feet,1
https://preview.redd.it/jz0jynszlt6b1.jpeg?width=828&amp;format=pjpg&amp;auto=webp&amp;s=4b0a31d34d77f752184b7b26faca91190147adbb,1
https://preview.redd.it/1qwscl9ent6b1.png?width=800&amp;format=png&amp;auto=webp&amp;s=94e744760f8579e8b500acc8990da0bdb7aa812d,1
jerry,1
usopp ☠️,1
bla bla bla,1
don,1
winbei&gt;pedoji,1
https://preview.redd.it/vhmdt9vssn2b1.jpeg?width=812&amp;format=pjpg&amp;auto=webp&amp;s=5aaa28cdbda7c7bd9fd9fe320a60d84866a20c1c,1
Onigishima,1
Lmaooo,1
Don Chinchou,1
Kenny Powers,1
Tyson,1
Yu,1
Resin,1
Spike,1
Laido,1
Shonen Teach,1
Lyborg Ge-no-Ws,1
Chadzuki D. Chaden,1
Jozu,1
Shingai Tensei - 🤓,1
Kaido don´t,1
Zorotard,1
don’t-,1
Funny,1
wolf,1
Brasil,1
da legenda,1
https://preview.redd.it/deu2nuvrqt6b1.png?width=834&amp;format=png&amp;auto=webp&amp;s=9c59c4cfbbacbe6aecadd06aed5389b46f80ce2a,1
NOSE,1
Luccis,1
Tldr,1
Lmao Admins,1
Soooo,1
Hisoka,1
Jojo,1
Lesbian,1
half Man,1
https://preview.redd.it/m6k9gp7xbbjb1.jpeg?width=1076&amp;format=pjpg&amp;auto=webp&amp;s=bd359e94e4ea1b4d51eb24cb4dd4d19d6bc1b8d9,1
https://preview.redd.it/9waehxstbbjb1.png?width=266&amp;format=pjpg&amp;auto=webp&amp;s=db2ea071ca76ea8504b9adc8f02bc9cba756d328,1
Bon,1
Limu  Wusopp,1
Limu,1
Whanks,1
WHAAAT,1
Oharan,1
Ken,1
Moley,1
Haswaltsch,1
bon chan,1
Wci,1
https://preview.redd.it/joosvh9z2bjb1.jpeg?width=1506&amp;format=pjpg&amp;auto=webp&amp;s=a0e182cebe989e78248831c9ec9323aaad396030,1
saul,1
Kevin,1
kuzan,1
Luca,1
Entire,1
kaido kaido,1
Jump,1
marcos,1
Odatards,1
Rip ZKK,1
Chrollo Lucifer,1
Coyote Starkk,1
Zehaahhahaha,1
Mamoru Hosadas',1
Jenny,1
Jump yo-yo,1
Bounty Rush,1
https://preview.redd.it/4doibpk7frdb1.jpeg?width=1170&amp;format=pjpg&amp;auto=webp&amp;s=5942c4b945c05b05be0fea46868f2fac4ebc77d3,1
Dawg chubby,1
Grim Matchstick,1
Imma,1
wallahi,1
Revisit marineford,1
Muggy Balls,1
Daz,1
fmab,1
Donut,1
😉,1
https://preview.redd.it/zz75ndcb5xhb1.jpeg?width=1284&amp;format=pjpg&amp;auto=webp&amp;s=1c3aeb4c5e433d8131fb25a4e87b37c610c4c2f8,1
Blueno,1
https://preview.redd.it/w3g4zh5efjgb1.jpeg?width=1242&amp;format=pjpg&amp;auto=webp&amp;s=8cad6d55f51099e6e48358210e3e6c439772f3e3,1
Sanji vs Queen,1
jfc,1
Foreal York,1
Gb,1
https://preview.redd.it/z8z6uxdfbxhb1.jpeg?width=153&amp;format=pjpg&amp;auto=webp&amp;s=ef247dc2b76acda2893dc9172f130f1f613d3098,1
https://preview.redd.it/0azx0fu5bxhb1.jpeg?width=1151&amp;format=pjpg&amp;auto=webp&amp;s=a10b394f1f5ca9a25ee92b65aeb4aacdfd289554,1
Otsutsuki,1
https://preview.redd.it/84cqkuku7xhb1.png?width=432&amp;format=png&amp;auto=webp&amp;s=927d3fa10abb64a1fc7ba20ee9e40ebb6e36a7fe,1
OdaGPT,1
Onizuka Eikichi,1
heaven!&lt,1
Capone Bege,1
Ennis Lobby,1
Lol Zorotards,1
Konaha,1
Doc Q's,1
Kidd Pirates,1
killer,1
John Bart,1
Mid,1
Skidd Mark,1
Kurozumi Orochi,1
Vasco Shot,1
Unlike Drake,1
Base Sanji,1
Marine,1
The King of Hell,1
Gourosei,1
https://preview.redd.it/y5l3olxi1ysa1.png?width=750&amp;format=png&amp;auto=webp&amp;v=enabled&amp;s=a5b323663d41ebb23abf5a2671d33f03bd6df6ba,1
intro,1
Specially Law,1
Strength + Haki + Speed,1
Hakai,1
https://preview.redd.it/4hf7zhiv5cua1.png?width=806&amp;format=pjpg&amp;auto=webp&amp;s=4a9ff7e4c3768c0711af56aa7bc3e78d346f716b  Y'all,1
Raid Suit,1
Pure Cap,1
Caesar,1
Caribou,1
https://preview.redd.it/vmt474hu4cua1.jpeg?width=1019&amp;format=pjpg&amp;auto=webp&amp;s=c87ba1161c8f89300200cf7d505cbdb4cf7fa2b9,1
devon,1
augur,1
van augur,1
Jika DF,1
Shyarly,1
nigga coulda ko’d kalifa,1
dick riding,1
Judge(s,1
Dan,1
🤔🤔🤔🤔,1
Finna,1
Watch Imu,1
Sanji vs Bruges,1
Writers,1
donald trumps voice,1
sanji gon,1
:P,1
Catarina Devon,1
Pretty Eyebrows,1
loli,1
Hajrudin,1
Mouth,1
Little Boy,1
the King of,1
Shakespeare,1
Tsutomu Yamaguchi,1
Sanji Hate,1
Watsuki,1
jinbie,1
Base Kaidos Thunder,1
Hybrid Kaidos,1
Sasuke’s,1
Lobby,1
ur bum ahh kidd,1
Amenotenjikara,1
Overwhelm,1
Amaterasu GG  ,1
Jimbei the Gatekeeper The GOAT,1
1719101,1
Cracker,1
Jika the,1
Walmart Ace,1
Massacre Soldier,1
Watch Doflamingo,1
Bill,1
Gag,1
Kick,1
Kid,1
Gullah,1
Bink,1
https://preview.redd.it/4z5vz61zuvza1.jpeg?width=3024&amp;format=pjpg&amp;auto=webp&amp;s=ff7533669f39f9f1b0cfb0a9cbc21f0235a98cb8,1
Maegaellan,1
Frikkin,1
https://preview.redd.it/8aqwhht5qvza1.png?width=1048&amp;format=png&amp;auto=webp&amp;s=d244d6db8768b266a4f241618ab5fee5ef65a2ed,1
Kidd - Shipwright,1
marine agenda,1
Ponegliff,1
speedwagon,1
dick,1
Ted Kaczyński,1
Twerkbull LOL,1
Manga,1
gif](giphy|6Tue7MJTHNBYHyMpLa,1
Kokoro,1
Top Tier,1
Btw Shanks,1
Adv CoC,1
ngl oda,1
https://preview.redd.it/btfzcnoevn2b1.jpeg?width=1242&amp;format=pjpg&amp;auto=webp&amp;s=121d8e87dcc93e2372ce52e92f4ea2c12876861c,1
Plus Sakazuki,1
Untill Wizaru,1
kawamatsu,1
Wista,1
Oprah,1
Yami Yami,1
Gaara,1
Dark King - he,1
Luffy Shitstomps,1
Kuja,1
Ashuras,1
Leaves,1
Agenda Piece,1
Buggy Piece,1
kuro,1
Mario Rios,1
Luggy,1
Black Beard's,1
https://preview.redd.it/yh2lj5c70iya1.png?width=648&amp;format=png&amp;auto=webp&amp;s=d950d54d1a34d544dd354797ba4eb608f2f9697d  (,1
Agendas,1
Adult Sasuke,1
Yeap,1
Aizen,1
Tsukishima,1
the Rat King,1
Calm,1
https://preview.redd.it/xta37l3i0iya1.jpeg?width=500&amp;format=pjpg&amp;auto=webp&amp;s=1b1de29a8784da250917fd2e24020ab3d3b76030,1
Rockstar,1
Zeno,1
Jean Bart,1
SADS,1
Vivi Yonko,1
Zkk,1
eStAbLiShEd,1
Guano,1
Female,1
https://preview.redd.it/992kuexrbo9c1.jpeg?width=720&amp;format=pjpg&amp;auto=webp&amp;s=32ceb8708430ec80679aca4732da969564a194c4,1
GOATjitora  Chadkoji   HIM  Wizaru   Warp  Wengoku   Lbull,1
https://preview.redd.it/7gj8v1dbg2bc1.jpeg?width=458&amp;format=pjpg&amp;auto=webp&amp;s=ccc62246fb26fcf41a5210ad20d5e230aece7e42,1
femboy,1
https://preview.redd.it/on9mswilf2bc1.png?width=340&amp;format=pjpg&amp;auto=webp&amp;s=a98fd153dbce53ed9e8c662f3c14855c1c879062,1
Literally Oda's,1
Skill,1
hiroshi kitadani,1
Honesty,1
https://preview.redd.it/er3snf0ga2bc1.jpeg?width=1179&amp;format=pjpg&amp;auto=webp&amp;s=a002f15f13ac0dd794d808c6eeaac9c3dcd64a7f,1
Law  ,1
https://preview.redd.it/spqrdv9392bc1.jpeg?width=1066&amp;format=pjpg&amp;auto=webp&amp;s=5428f2175c60fc4469b0834137bdcb00da0cdbdf  Wholesome Teach,1
OP YouTubers,1
https://preview.redd.it/ztbdnyuz72bc1.png?width=633&amp;format=png&amp;auto=webp&amp;s=fb34e3142006e70e85732c52adad44c101c5f9b4,1
Goodnight Buggy Goodnight Alvida Goodnight Crocodile,1
Goodnight Buggy Goodnight Mohji,1
nicki daşıyan biri,1
Dəlirirəm,1
Einstein,1
Bevet,1
Frank Miller,1
Vicki Vale,1
Sabody,1
Kaidos,1
Ryima,1
EoS Zolo vs,1
kumas blast,1
https://preview.redd.it/hcy1j11r9udc1.png?width=320&amp;format=png&amp;auto=webp&amp;s=9d2077796b39053fe14b377fc75e322f514c83e7,1
https://preview.redd.it/43chaykg9udc1.jpeg?width=770&amp;format=pjpg&amp;auto=webp&amp;s=70b19d7dc8ed6eb962f15b5c31edb0fcd0a58fe7,1
Cisgender,1
Manwha,1
Wallahi,1
Nah Katakuri,1
Crocofraud,1
Bb,1
https://preview.redd.it/r9vdznm4fi5c1.jpeg?width=1170&amp;format=pjpg&amp;auto=webp&amp;s=32c64250ea41a629480176dd07bc31171bac28a9,1
joyboy tbh,1
Honesty Impact,1
Worlds,1
Ratatouille,1
Sword Skill'',1
Killer Bee,1
Yoru,1
Preacher,1
Rider Medusa,1
Gordon Ramsay,1
Nami Episode,1
Ben Franklin,1
😹😹,1
Rubber,1
Flame,1
Magikarp,1
Jimbei,1
Nerfertari Lili,1
dick twister  ,1
Mythic Zoan,1
Goresei,1
Merry Christmas,1
Kentaro Miura,1
Toriko,1
Cuckaneer Kuma,1
https://preview.redd.it/fu5zs9918udc1.jpeg?width=245&amp;format=pjpg&amp;auto=webp&amp;s=4eca59bf286b4542443d019fb9c783417b8b06c4,1
kinda boring,1
Loden,1
https://preview.redd.it/uuztyxhwzrkc1.jpeg?width=483&amp;format=pjpg&amp;auto=webp&amp;s=a57aa693c408233018d573415fa5c05616f6646d,1
Dwayne Johnson,1
Obama,1
Bunny,1
Sure Luffy,1
Bloodline-,1
kabuki plays,1
Tobiroppos,1
Asura Indra,1
Yoko,1
Vladimir Lenin,1
koff koff,1
https://preview.redd.it/53qs2kfn3skc1.png?width=1200&amp;format=pjpg&amp;auto=webp&amp;s=ca346cd4a4e11fc6bca90496fb7692a09d687c72,1
https://preview.redd.it/v6muq5al0skc1.jpeg?width=796&amp;format=pjpg&amp;auto=webp&amp;s=fc24a7266c51c751c82830b4a7c2f2cde49c237e,1
White Beard,1
the King of Pirates,1
Toon,1
Mappa,1
Poseidon,1
MAPPA,1
AOkiji- AKainu Ace- RUns,1
https://preview.redd.it/w1i1ru1hurkc1.jpeg?width=1012&amp;format=pjpg&amp;auto=webp&amp;s=5484d70e2075b7536a7337b0366db6dd812c8138,1
Common W,1
https://preview.redd.it/qsrvu52536mc1.png?width=1080&amp;format=pjpg&amp;auto=webp&amp;s=442a639496f2d63bfb64b9cf66314fa859d7a4a7,1
PRINCE ARC,1
Robert „,1
Mortimer Adler,1
Roger &gt,1
van auger,1
WiFi,1
https://preview.redd.it/2cmxbvqk4ejc1.png?width=758&amp;format=png&amp;auto=webp&amp;s=8a09a743321ff2596b4024b8b8f365b1a794cf1a,1
https://preview.redd.it/tbyor0xwa8fc1.jpeg?width=1789&amp;format=pjpg&amp;auto=webp&amp;s=962598e719087fc5e20f53040c9c03f1dea3c8aa,1
Damn ya,1
https://preview.redd.it/n8jol6l978fc1.jpeg?width=1179&amp;format=pjpg&amp;auto=webp&amp;s=5fade032230c784c17ca25a32e5985f4086f94e7  ,1
Zorobros,1
https://preview.redd.it/yb8qtxtx68fc1.jpeg?width=1169&amp;format=pjpg&amp;auto=webp&amp;s=addc2efb72b49214600f7d7e88a089cc7adae3ea,1
kay,1
Chouchou,1
https://preview.redd.it/7svmyiax38fc1.png?width=320&amp;format=png&amp;auto=webp&amp;s=8f63da07ca62571b22fe601f78fe75387e5cf4e7,1
Based Franky,1
Cpt Save-A-Social-Media,1
Indra,1
Sandman,1
https://preview.redd.it/wme56s406mgc1.jpeg?width=1600&amp;format=pjpg&amp;auto=webp&amp;s=c5823b7a58ec05bf20e82d5782f7eeb4945f3157,1
https://preview.redd.it/4i3rd75u5mgc1.jpeg?width=225&amp;format=pjpg&amp;auto=webp&amp;s=6a45b33bcc7341484cde44b6aa1d960c6c4cf96c,1
Impel Down  https://preview.redd.it/dj84kas74mgc1.jpeg?width=921&amp;format=pjpg&amp;auto=webp&amp;s=6e43fde7953929916a025cd7a7cf86538dac9478,1
Gorge Jorge Star,1
Cumboy,1
Osamu Tezuka,1
Blackjack,1
Araki,1
Trad Wife,1
Vs Luffy,1
Beck,1
gif](giphy|I8EubTjoUZsUE,1
Shin,1
Common Wucci W  https://preview.redd.it/gbd5bbdg20ic1.png?width=850&amp;format=png&amp;auto=webp&amp;s=17e563d26a4b2b0d839f19ad5d3fe14b36b8053a,1
Wallahi Ussop,1
Arpit Bala,1
Yu-Gi-Oh,1
Griffith,1
https://preview.redd.it/g97k92wpb44c1.jpeg?width=1284&amp;format=pjpg&amp;auto=webp&amp;s=131b2b84fad983cab5b038743d7f7fdbf8be42e0,1
Luffys OG,1
kanye,1
Ui Ui’s,1
Whoah,1
kinemon,1
Grandline,1
Conq,1
Adam Sandler,1
Jin Mori,1
Meh,1
Arc 3,1
Shaggy,1
Asura,1
https://preview.redd.it/6fzex63txmrb1.jpeg?width=828&amp;format=pjpg&amp;auto=webp&amp;s=77ab3141a301907c94544967010d5e20abf0daff,1
Baki,1
Buddha  https://preview.redd.it/wnkdwcuupmrb1.png?width=1228&amp;format=pjpg&amp;auto=webp&amp;s=c22f2e3643523225779e3b91288ce22a5e99cc8c,1
Hehe Jarate  https://preview.redd.it/zno9ulxfpmrb1.png?width=720&amp;format=pjpg&amp;auto=webp&amp;s=f8471ca4d52e8fbae3ccfa4c2b3869b130abe12e,1
Yoshikage Kira,1
Dante,1
Leon,1
Kyoshiro,1
Ma,1
Saiyan Saga,1
Wankers,1
Garcia,1
Marx,1
Che Guevara,1
Carrotin,1
Chekhov,1
Wujitora,1
Mariejois,1
Fishman Island,1
vs katakuri,1
https://preview.redd.it/ont2pzmv2vob1.jpeg?width=960&amp;format=pjpg&amp;auto=webp&amp;s=8766fceb424f5a122eedc87a8a17cb4e0c79bd50,1
https://preview.redd.it/d234r2rh4vob1.jpeg?width=1080&amp;format=pjpg&amp;auto=webp&amp;s=4e437a1194527ee374d2d2be3f79b99cda84856b  Keep,1
Managas,1
Jango,1
Michael Jackson,1
mary sue,1
Donquixote Homing,1
Sai,1
Bro Yamato,1
Unbearable,1
Lunarians,1
Fairy Vearth,1
John Snow,1
Kit Harington,1
Sansa,1
Arya,1
Keep Coping,1
Agenda,1
wo Sagashite,1
Juzo,1
Mihawk vs Vista,1
W.,1
Joyboy(as King,1
Stan,1
Youtube,1
Romance Dawn,1
Zesty Kaido,1
https://preview.redd.it/htbsagkewgnb1.jpeg?width=1080&amp;format=pjpg&amp;auto=webp&amp;s=6ff8f5ad91d3f0a01a2b90c3c1cfb98bdd581e48  kys,1
dick slaps yonkos,1
Lizaru,1
Laino,1
New Marineford,1
https://youtu.be/3xWZB1SoWE8?si=m3gvf0Re5Ul8p6kr,1
https://jisho.org/search/doumo](https://jisho.org/search/doumo,1
Lulul,1
100s,1
toji,1
Rocks,1
Devon,1
Blackbeard Pirates,1
Auger,1
https://preview.redd.it/dk9urtorkc1c1.jpeg?width=1242&amp;format=pjpg&amp;auto=webp&amp;s=8ed0f9543093b0cfbda60b2b28160399ecb91342,1
Izo,1
squirrel,1
Problem,1
unkill Izo,1
dick 24/7,1
Kurozumi,1
Kreig,1
Ace´s,1
Crocodiles,1
joyboy,1
joyboy Nika,1
Kozuki,1
https://preview.redd.it/dlgnm535kq2c1.png?width=720&amp;format=pjpg&amp;auto=webp&amp;s=22428a6070d459efd1e5ff67faf567f15191af5e  Damn,1
https://preview.redd.it/lxvjanvciq2c1.png?width=1080&amp;format=pjpg&amp;auto=webp&amp;s=7072ecbd7222311cd426b6ac44b180aa3be57a96  ,1
jujutsu kaisen,1
Koruzomi,1
https://preview.redd.it/mvvb5mupgq2c1.jpeg?width=300&amp;format=pjpg&amp;auto=webp&amp;s=31526d8db1d84d033dbc1c71f785922748c4e962,1
https://preview.redd.it/vshz4jk5gq2c1.jpeg?width=494&amp;format=pjpg&amp;auto=webp&amp;s=fbc05819d38c1f139dbb1c110e4e81b0878943be  Your,1
Gofuckyours,1
Broski,1
Joy b.,1
Card,1
BeserkleJerk,1
Admiralbros,1
Us Shanks,1
Mjosgard Jr,1
Shithawk,1
Lonkotards,1
Mihawk + Vista,1
[gif](giphy|BX3vciUUQcAbJHsE3x,1
https://preview.redd.it/btk8c5fassvb1.jpeg?width=750&amp;format=pjpg&amp;auto=webp&amp;s=bc0afcd70a700dfa14dfe4ebed9e1ae844e6160a,1
🇸🇴🇸🇴🇸🇴🇸🇴🇸🇴,1
Frau D. Loger,1
Holy Knights,1
Mytho Deities,1
Ryuo,1
john I,1
gif](giphy|PDc8rPhx1WLi8,1
Waribou,1
https://preview.redd.it/9yxne0pqoyzb1.png?width=720&amp;format=pjpg&amp;auto=webp&amp;s=c8335df6ea87c85cb34d0d6e46cd1e201d398079,1
kanjuros betrayal,1
https://preview.redd.it/gqczh2dgj6xb1.jpeg?width=736&amp;format=pjpg&amp;auto=webp&amp;s=8bf74ef225a5d8810d197d219d97faface072701,1
Joi Boi Man  Joi Boi Man  Joi Boi Man,1
Rumour Man  When,1
Joi Boi,1
Joi Boi Man,1
https://preview.redd.it/jwhyim1wrkyb1.png?width=558&amp;format=png&amp;auto=webp&amp;s=9bd6fe987650ec442a0ae54a35949dbb10590913,1
Benn Beckman,1
https://preview.redd.it/335wk1h8pkyb1.jpeg?width=1080&amp;format=pjpg&amp;auto=webp&amp;s=e93c6ae6f5d13274bd235d75acb918ce5102ffa9,1
Looks,1
Kong,1
Laffiete,1
Toji,1
https://preview.redd.it/kugsib7jfpne1.jpeg?width=698&amp;format=pjpg&amp;auto=webp&amp;s=6439cd481c5e137242dba0e7bcb1746f2b6ee8e0,1
